{
	"partitions" : [
		{
			"name" : "Top",
			"pins" : [
				{
					"name" : "Vend",
					"strict" : false
				},
				{
					"name" : "DimeOut[6]",
					"strict" : false
				},
				{
					"name" : "DimeOut[5]",
					"strict" : false
				},
				{
					"name" : "DimeOut[4]",
					"strict" : false
				},
				{
					"name" : "DimeOut[3]",
					"strict" : false
				},
				{
					"name" : "DimeOut[2]",
					"strict" : false
				},
				{
					"name" : "DimeOut[1]",
					"strict" : false
				},
				{
					"name" : "DimeOut[0]",
					"strict" : false
				},
				{
					"name" : "NickleOut[6]",
					"strict" : false
				},
				{
					"name" : "NickleOut[5]",
					"strict" : false
				},
				{
					"name" : "NickleOut[4]",
					"strict" : false
				},
				{
					"name" : "NickleOut[3]",
					"strict" : false
				},
				{
					"name" : "NickleOut[2]",
					"strict" : false
				},
				{
					"name" : "NickleOut[1]",
					"strict" : false
				},
				{
					"name" : "NickleOut[0]",
					"strict" : false
				},
				{
					"name" : "seg0[6]",
					"strict" : false
				},
				{
					"name" : "seg0[5]",
					"strict" : false
				},
				{
					"name" : "seg0[4]",
					"strict" : false
				},
				{
					"name" : "seg0[3]",
					"strict" : false
				},
				{
					"name" : "seg0[2]",
					"strict" : false
				},
				{
					"name" : "seg0[1]",
					"strict" : false
				},
				{
					"name" : "seg0[0]",
					"strict" : false
				},
				{
					"name" : "Seg1[6]",
					"strict" : false
				},
				{
					"name" : "Seg1[5]",
					"strict" : false
				},
				{
					"name" : "Seg1[4]",
					"strict" : false
				},
				{
					"name" : "Seg1[3]",
					"strict" : false
				},
				{
					"name" : "Seg1[2]",
					"strict" : false
				},
				{
					"name" : "Seg1[1]",
					"strict" : false
				},
				{
					"name" : "Seg1[0]",
					"strict" : false
				},
				{
					"name" : "Buy",
					"strict" : false
				},
				{
					"name" : "Clock",
					"strict" : false
				},
				{
					"name" : "Refund",
					"strict" : false
				},
				{
					"name" : "Reset",
					"strict" : false
				},
				{
					"name" : "Quarters",
					"strict" : false
				},
				{
					"name" : "Nickles",
					"strict" : false
				},
				{
					"name" : "Dimes",
					"strict" : false
				}
			]
		}
	]
}