{
	"partitions" : [
		{
			"name" : "Top",
			"pins" : [
				{
					"name" : "Vend",
					"strict" : false
				},
				{
					"name" : "digit3[6]",
					"strict" : false
				},
				{
					"name" : "digit3[5]",
					"strict" : false
				},
				{
					"name" : "digit3[4]",
					"strict" : false
				},
				{
					"name" : "digit3[3]",
					"strict" : false
				},
				{
					"name" : "digit3[2]",
					"strict" : false
				},
				{
					"name" : "digit3[1]",
					"strict" : false
				},
				{
					"name" : "digit3[0]",
					"strict" : false
				},
				{
					"name" : "digit4[6]",
					"strict" : false
				},
				{
					"name" : "digit4[5]",
					"strict" : false
				},
				{
					"name" : "digit4[4]",
					"strict" : false
				},
				{
					"name" : "digit4[3]",
					"strict" : false
				},
				{
					"name" : "digit4[2]",
					"strict" : false
				},
				{
					"name" : "digit4[1]",
					"strict" : false
				},
				{
					"name" : "digit4[0]",
					"strict" : false
				},
				{
					"name" : "digit5[6]",
					"strict" : false
				},
				{
					"name" : "digit5[5]",
					"strict" : false
				},
				{
					"name" : "digit5[4]",
					"strict" : false
				},
				{
					"name" : "digit5[3]",
					"strict" : false
				},
				{
					"name" : "digit5[2]",
					"strict" : false
				},
				{
					"name" : "digit5[1]",
					"strict" : false
				},
				{
					"name" : "digit5[0]",
					"strict" : false
				},
				{
					"name" : "seg0[6]",
					"strict" : false
				},
				{
					"name" : "seg0[5]",
					"strict" : false
				},
				{
					"name" : "seg0[4]",
					"strict" : false
				},
				{
					"name" : "seg0[3]",
					"strict" : false
				},
				{
					"name" : "seg0[2]",
					"strict" : false
				},
				{
					"name" : "seg0[1]",
					"strict" : false
				},
				{
					"name" : "seg0[0]",
					"strict" : false
				},
				{
					"name" : "Seg1[6]",
					"strict" : false
				},
				{
					"name" : "Seg1[5]",
					"strict" : false
				},
				{
					"name" : "Seg1[4]",
					"strict" : false
				},
				{
					"name" : "Seg1[3]",
					"strict" : false
				},
				{
					"name" : "Seg1[2]",
					"strict" : false
				},
				{
					"name" : "Seg1[1]",
					"strict" : false
				},
				{
					"name" : "Seg1[0]",
					"strict" : false
				},
				{
					"name" : "Buy",
					"strict" : false
				},
				{
					"name" : "Refund",
					"strict" : false
				},
				{
					"name" : "Reset",
					"strict" : false
				},
				{
					"name" : "Clock",
					"strict" : false
				},
				{
					"name" : "Quarters",
					"strict" : false
				},
				{
					"name" : "Nickles",
					"strict" : false
				},
				{
					"name" : "Dimes",
					"strict" : false
				}
			]
		}
	]
}